Name,Phone,Profile URL
"Impressions Concrete","(905) 782-6060","https://www.yelp.com/biz/impressions-concrete-woodbridge?osq=stamped+concrete&override_cta=Request+a+quote"
"High Trust Construction","(647) 521-1655","https://www.yelp.com/biz/high-trust-construction-toronto-2?osq=stamped+concrete&override_cta=Request+a+quote"
"ISR Gardening","(416) 831-7076","https://www.yelp.com/biz/isr-gardening-richmond-hill-3?osq=stamped+concrete&override_cta=Request+a+quote"
"Stamped Concrete Markham","(647) 697-8400","https://www.yelp.com/biz/stamped-concrete-markham-markham-2?osq=stamped+concrete&override_cta=Request+a+quote"
"Hardscape Patterned Walkways","(905) 392-9892","https://www.yelp.com/biz/hardscape-patterned-walkways-aurora?osq=stamped+concrete&override_cta=Request+a+quote"
"Prestige Concrete","(416) 347-5062","https://www.yelp.com/biz/prestige-concrete-richmond-hill?osq=stamped+concrete&override_cta=Request+a+quote"
"Jmc Concrete & Interlocking","(905) 878-8595","https://www.yelp.com/biz/jmc-concrete-and-interlocking-milton?osq=stamped+concrete&override_cta=Request+a+quote"
"Prima Concrete Seal & Star General Contractor Services","(647) 333-6642","https://www.yelp.com/biz/prima-concrete-seal-and-star-general-contractor-services-maple-3?osq=stamped+concrete&override_cta=Request+a+quote"
"Hunters Concrete Services","(647) 806-7838","https://www.yelp.com/biz/hunters-concrete-services-toronto?osq=stamped+concrete&override_cta=Request+a+quote"
"Giglio & Sons Paving & Concrete","(416) 879-0440","https://www.yelp.com/biz/giglio-and-sons-paving-and-concrete-vaughan?osq=stamped+concrete&override_cta=Request+a+quote"
"A&A Masonry","(416) 236-8721","https://www.yelp.com/biz/a-and-a-masonry-toronto-3?osq=stamped+concrete&override_cta=Request+a+quote"
"Patterned Concrete","(905) 565-6588","https://www.yelp.com/biz/patterned-concrete-mississauga-4?osq=stamped+concrete&override_cta=Request+a+quote"
"Muvarak GTA Construction","(519) 574-4927","https://www.yelp.com/biz/muvarak-gta-construction-bolton?osq=stamped+concrete&override_cta=Request+a+quote"
"Bdt Group Stamp Concrete","(905) 422-0148","https://www.yelp.com/biz/bdt-group-stamp-concrete-pickering?osq=stamped+concrete&override_cta=Request+a+quote"
"City Care Builders","(647) 649-5721","https://www.yelp.com/biz/city-care-builders-brampton?osq=stamped+concrete&override_cta=Request+a+quote"
"Solocrete General Contracting","(905) 812-3000","https://www.yelp.com/biz/solocrete-general-contracting-mississauga?osq=stamped+concrete&override_cta=Request+a+quote"
"AFT Construction","(437) 779-7595","https://www.yelp.com/biz/aft-construction-brampton-4?osq=stamped+concrete&override_cta=Request+a+quote"
"3Boys Concrete","(647) 525-5211","https://www.yelp.com/biz/3boys-concrete-georgetown-2?osq=stamped+concrete&override_cta=Request+a+quote"
"Dynamic Stamped Concrete","(905) 796-9826","https://www.yelp.com/biz/dynamic-stamped-concrete-brampton?osq=stamped+concrete&override_cta=Request+a+quote"
"Rochester Masonry and Stamp","(585) 770-4625","https://www.yelp.com/biz/rochester-masonry-and-stamp-rochester?osq=stamped+concrete&override_cta=Request+a+quote"
"Best Concrete Services","(647) 594-8025","https://www.yelp.com/biz/best-concrete-services-brampton-2?osq=stamped+concrete&override_cta=Request+a+quote"
"Real Help Decorative Concrete","(716) 997-3058","https://www.yelp.com/biz/real-help-decorative-concrete-buffalo?osq=stamped+concrete&override_cta=Request+a+quote"
"Redswan Contracting","(437) 556-4822","https://www.yelp.com/biz/redswan-contracting-burlington?osq=stamped+concrete&override_cta=Request+a+quote"
"Buffalo Niagara Concrete","(716) 201-0098","https://www.yelp.com/biz/buffalo-niagara-concrete-tonawanda?osq=stamped+concrete&override_cta=Request+a+quote"
"Barrie Stamped Concrete","(705) 322-0888","https://www.yelp.com/biz/barrie-stamped-concrete-elmvale?osq=stamped+concrete&override_cta=Request+a+quote"
"Ground Concepts","(412) 525-8877","https://www.yelp.com/biz/ground-concepts-kennedy?osq=stamped+concrete&override_cta=Request+a+quote"
"World of Concrete","(416) 992-9855","https://www.yelp.com/biz/world-of-concrete-vaughan?osq=stamped+concrete&override_cta=Request+a+quote"
"LM Custom Concrete","(716) 344-4182","https://www.yelp.com/biz/lm-custom-concrete-lockport?osq=stamped+concrete&override_cta=Request+a+quote"
"R P M Enterprises","(905) 914-2505","https://www.yelp.com/biz/r-p-m-enterprises-bowmanville?osq=stamped+concrete&override_cta=Request+a+quote"
"Panda One Property Maintenance","(647) 892-6169","https://www.yelp.com/biz/panda-one-property-maintenance-brantford?osq=stamped+concrete&override_cta=Request+a+quote"
"Caledon’s Paving Interlocking","(437) 523-8157","https://www.yelp.com/biz/caledons-paving-interlocking-brampton?osq=stamped+concrete&override_cta=Request+a+quote"
"Hamlin Block and Concrete","(585) 590-7255","https://www.yelp.com/biz/hamlin-block-and-concrete-hilton?osq=stamped+concrete&override_cta=Request+a+quote"
"Printcrete","(705) 431-0701","https://www.yelp.com/biz/printcrete-barrie?osq=stamped+concrete&override_cta=Request+a+quote"
"FM Custom Concrete","(905) 902-6692","https://www.yelp.com/biz/fm-custom-concrete-hamilton?osq=stamped+concrete&override_cta=Request+a+quote"
"Brampton Stamped Concrete","(289) 768-8666","https://www.yelp.com/biz/brampton-stamped-concrete-brampton?osq=stamped+concrete&override_cta=Request+a+quote"
"Oasis Stamped Concrete","(416) 858-7974","https://www.yelp.com/biz/oasis-stamped-concrete-brampton-3?osq=stamped+concrete&override_cta=Request+a+quote"
"Construction Artisan Enterprises","(716) 544-5505","https://www.yelp.com/biz/construction-artisan-enterprises-amherst?osq=stamped+concrete&override_cta=Request+a+quote"
"Grand Landscaping  & Interlocking","(647) 786-9642","https://www.yelp.com/biz/grand-landscaping-and-interlocking-markham?osq=stamped+concrete&override_cta=Request+a+quote"
"SBS Construction","(437) 601-3529","https://www.yelp.com/biz/sbs-construction-markham-2?osq=stamped+concrete&override_cta=Request+a+quote"
"Renolock Hardscape","(647) 326-6863","https://www.yelp.com/biz/renolock-hardscape-brampton?osq=stamped+concrete&override_cta=Request+a+quote"
"Kline Construction","(226) 567-9081","https://www.yelp.com/biz/kline-construction-barrie-2?osq=stamped+concrete&override_cta=Request+a+quote"
"Stamped Concrete","(905) 849-9293","https://www.yelp.com/biz/stamped-concrete-oakville-2?osq=stamped+concrete&override_cta=Request+a+quote"
"DJM Contractors","(226) 973-8424","https://www.yelp.com/biz/djm-contractors-london-6?osq=stamped+concrete&override_cta=Request+a+quote"
"Epoxy Solutions","(905) 877-7000","https://www.yelp.com/biz/epoxy-solutions-georgetown?osq=stamped+concrete&override_cta=Request+a+quote"
"Canadian Stamped Concrete","(416) 371-6881","https://www.yelp.com/biz/canadian-stamped-concrete-toronto?osq=stamped+concrete&override_cta=Request+a+quote"
"Cams Cleaning Service","(716) 755-2780","https://www.yelp.com/biz/cams-cleaning-service-getzville?osq=stamped+concrete&override_cta=Request+a+quote"
"Total Concrete Solutions and Excavation","(416) 523-9232","https://www.yelp.com/biz/total-concrete-solutions-mississauga?osq=stamped+concrete&override_cta=Request+a+quote"
"Stamped Concrete","(647) 255-7567","https://www.yelp.com/biz/stamped-concrete-toronto?osq=stamped+concrete&override_cta=Request+a+quote"
"Rockalevel","(365) 675-1736","https://www.yelp.com/biz/rockalevel-ancaster?osq=stamped+concrete&override_cta=Request+a+quote"
"4 Brothers Finish Concrete","(647) 470-4344","https://www.yelp.com/biz/4-brothers-finish-concrete-mississauga?osq=stamped+concrete&override_cta=Request+a+quote"